{
  "React Functional Component": {
    "prefix": "rfc",
    "body": [
      "export function ${1:Component}() {",
      "  return (",
      "    <div>",
      "      $0",
      "    </div>",
      "  )",
      "}",
      ""
    ]
  },
  "React useState": {
    "prefix": "us",
    "body": [
      "const [${1:state}, set${1/(.*)/${1:/capitalize}/}] = useState(${2:initial})"
    ]
  },
  "React useEffect": {
    "prefix": "ue",
    "body": ["useEffect(() => {", "  $0", "}, [${1:deps}])"]
  },
  "React useCallback": {
    "prefix": "ucb",
    "body": ["const ${1:name} = useCallback(() => {", "  $0", "}, [${2:deps}])"]
  }
}
