{
  "$schema": "https://turbo.build/schema.json",
  "globalDependencies": ["**/.env.*local"],
  "pipeline": {
    "build": {
      "dependsOn": ["^build"],
      "outputs": [".next/**", "!.next/cache/**", "dist/**"]
    },
    "lint": {
      "dependsOn": ["^lint"]
    },
    "dev": {
      "cache": false,
      "persistent": true
    },
    "test": {
      "dependsOn": ["^build"],
      "outputs": ["coverage/**"],
      "inputs": ["src/**/*.tsx", "src/**/*.ts", "test/**/*.ts", "test/**/*.tsx"]
    }
  }
}
